manual_seed,edge_type_removed,fold,accu,auc_roc,epoch,train_test
2328466898069313329,[],0,0.6397742408495796,0.6693253037895651,0,train
2328466898069313329,[],0,0.7809216662631605,0.889160158572917,0,test
2328466898069313329,[],0,0.8816983377532492,0.9390876321867425,1,train
2328466898069313329,[],0,0.9154024120356575,0.9603254821466408,1,test
2328466898069313329,[],0,0.936946315940367,0.965666252473872,2,train
2328466898069313329,[],0,0.9431146523949643,0.965366426323719,2,test
2328466898069313329,[],0,0.9515928122610855,0.9706418452445993,3,train
2328466898069313329,[],0,0.9471381713721693,0.9695226893720794,3,test
2328466898069313329,[],0,0.9547380453220565,0.9767073654468671,4,train
2328466898069313329,[],0,0.9511328823376043,0.9789136664662488,4,test
2328466898069313329,[],1,0.7458389328889525,0.8306297433933914,0,train
2328466898069313329,[],1,0.8861221234666766,0.9613146416465059,0,test
2328466898069313329,[],1,0.9112100863675459,0.9575907394265848,1,train
2328466898069313329,[],1,0.9378178580961958,0.9603825701532923,1,test
2328466898069313329,[],1,0.9397590847190367,0.9660814627082303,2,train
2328466898069313329,[],1,0.9450915415797576,0.962982087174118,2,test
2328466898069313329,[],1,0.9513759974675077,0.9704865625303503,3,train
2328466898069313329,[],1,0.9491438685687327,0.972288713078972,3,test
2328466898069313329,[],1,0.9540759538656346,0.9782650791284979,4,train
2328466898069313329,[],1,0.9455418971307609,0.9793211504111617,4,test
2328466898069313329,[],2,0.6853807548499617,0.7453423526945173,0,train
2328466898069313329,[],2,0.8926745396925905,0.9452558951600715,0,test
2328466898069313329,[],2,0.9141959934059634,0.9566567991419573,1,train
2328466898069313329,[],2,0.9355033234939909,0.9657890971421964,1,test
2328466898069313329,[],2,0.9381490258266437,0.9700729363168461,2,train
2328466898069313329,[],2,0.9398164745356575,0.9776904827339885,2,test
2328466898069313329,[],2,0.9518507651232799,0.9803954018584878,3,train
2328466898069313329,[],2,0.9454933987944477,0.9800777494736742,3,test
2328466898069313329,[],2,0.9602864583333334,0.9855687314746033,4,train
2328466898069313329,[],2,0.947848865992501,0.9831718462444324,4,test
2328466898069313329,[],3,0.6879809644973242,0.770612817550811,0,train
2328466898069313329,[],3,0.8658600035384386,0.9275487324815754,0,test
2328466898069313329,[],3,0.9063163733992736,0.950607574089165,1,train
2328466898069313329,[],3,0.9337392450089391,0.9599721586182945,1,test
2328466898069313329,[],3,0.9437417873184251,0.9638546923188122,2,train
2328466898069313329,[],3,0.9490675321873758,0.9713429185072365,2,test
2328466898069313329,[],3,0.9528899679854741,0.9749817746969789,3,train
2328466898069313329,[],3,0.9504196658037842,0.9829175118558249,3,test
2328466898069313329,[],3,0.9594480182052753,0.9852265345255095,4,train
2328466898069313329,[],3,0.9505030829422427,0.9869019619610901,4,test
2328466898069313329,[],4,0.722448543816896,0.8473730708907052,0,train
2328466898069313329,[],4,0.8998249404052444,0.9494913861150989,0,test
2328466898069313329,[],4,0.9375955657492355,0.9649464819892601,1,train
2328466898069313329,[],4,0.9341148161253475,0.9639275157970931,1,test
2328466898069313329,[],4,0.9399376732129205,0.9668358975841513,2,train
2328466898069313329,[],4,0.9455944693273243,0.9707520942332695,2,test
2328466898069313329,[],4,0.9523335961391437,0.9722043626246272,3,train
2328466898069313329,[],4,0.9473585478123758,0.974361629833314,3,test
2328466898069313329,[],4,0.9542051169485856,0.9785024259593701,4,train
2328466898069313329,[],4,0.9487394894405542,0.9797037498403549,4,test
2328466898069313329,'buy-sell',0,0.5442435821626529,0.6616724000675003,0,train
2328466898069313329,'buy-sell',0,0.6347473896255463,0.6715097545471879,0,test
2328466898069313329,'buy-sell',0,0.6817703107081422,0.8011949065654704,1,train
2328466898069313329,'buy-sell',0,0.7654776620542809,0.8230989053374724,1,test
2328466898069313329,'buy-sell',0,0.7640793733275995,0.8327153842828885,2,train
2328466898069313329,'buy-sell',0,0.7660856371983016,0.8437731805668034,2,test
2328466898069313329,'buy-sell',0,0.788855167120604,0.8528738748212416,3,train
2328466898069313329,'buy-sell',0,0.7718348239781982,0.8690906136704549,3,test
2328466898069313329,'buy-sell',0,0.8052070641007264,0.8768925424398224,4,train
2328466898069313329,'buy-sell',0,0.7840054814759635,0.8776461297442054,4,test
2328466898069313329,'buy-sell',1,0.5397101072725535,0.5915139497125029,0,train
2328466898069313329,'buy-sell',1,0.7195752476907032,0.7627532228192475,0,test
2328466898069313329,'buy-sell',1,0.7385584653335244,0.808857686167908,1,train
2328466898069313329,'buy-sell',1,0.7788482653891041,0.8268180425913124,1,test
2328466898069313329,'buy-sell',1,0.797132803540711,0.8553301007190269,2,train
2328466898069313329,'buy-sell',1,0.7830309559060886,0.8672008542707867,2,test
2328466898069313329,'buy-sell',1,0.8062128936114297,0.8792851616110126,3,train
2328466898069313329,'buy-sell',1,0.7964178546819131,0.8780563583048229,3,test
2328466898069313329,'buy-sell',1,0.8150902797687308,0.8920330832064256,4,train
2328466898069313329,'buy-sell',1,0.8042823448984406,0.8962436457572084,4,test
2328466898069313329,'buy-sell',2,0.5914923338350535,0.6259827942598727,0,train
2328466898069313329,'buy-sell',2,0.730746354477056,0.8357757363529473,0,test
2328466898069313329,'buy-sell',2,0.7845785251815749,0.8382133809844576,1,train
2328466898069313329,'buy-sell',2,0.7831771298917362,0.8491716566829746,1,test
2328466898069313329,'buy-sell',2,0.7924186496559633,0.8623196656610022,2,train
2328466898069313329,'buy-sell',2,0.7885481266450635,0.8882436399020283,2,test
2328466898069313329,'buy-sell',2,0.8128515774321483,0.8874042638383461,3,train
2328466898069313329,'buy-sell',2,0.8115601022422526,0.8967965943344545,3,test
2328466898069313329,'buy-sell',2,0.8339176282970184,0.906163910056832,4,train
2328466898069313329,'buy-sell',2,0.8241689907069428,0.9118014083904,4,test
2328466898069313329,'buy-sell',3,0.5985971246655198,0.6591503630932665,0,train
2328466898069313329,'buy-sell',3,0.674552496151172,0.8138332656938041,0,test
2328466898069313329,'buy-sell',3,0.7680132478019878,0.8330424100409672,1,train
2328466898069313329,'buy-sell',3,0.7780456179231227,0.8412960734063938,1,test
2328466898069313329,'buy-sell',3,0.7854937165519877,0.8570711902462731,2,train
2328466898069313329,'buy-sell',3,0.7909289099746722,0.8670334327128183,2,test
2328466898069313329,'buy-sell',3,0.8150671349388379,0.8859084804179254,3,train
2328466898069313329,'buy-sell',3,0.8070160021230631,0.8800917653112045,3,test
2328466898069313329,'buy-sell',3,0.8269516317851682,0.903251544383237,4,train
2328466898069313329,'buy-sell',3,0.8179820579434843,0.9088560697908201,4,test
2328466898069313329,'buy-sell',4,0.5844177806049312,0.6582557249735186,0,train
2328466898069313329,'buy-sell',4,0.6909772337169745,0.7766292679231639,0,test
2328466898069313329,'buy-sell',4,0.7384905987194189,0.810290106251198,1,train
2328466898069313329,'buy-sell',4,0.7789159690665972,0.8321963915256513,1,test
2328466898069313329,'buy-sell',4,0.7937839706374236,0.8456985590270956,2,train
2328466898069313329,'buy-sell',4,0.7821540089888757,0.8455956053945237,2,test
2328466898069313329,'buy-sell',4,0.7961498202169343,0.859445674927447,3,train
2328466898069313329,'buy-sell',4,0.7851063937102701,0.8837887626650291,3,test
2328466898069313329,'buy-sell',4,0.8167906034977065,0.8845330176465973,4,train
2328466898069313329,'buy-sell',4,0.7959770048048272,0.8912839422049803,4,test
2328466898069313329,'lobbies_on',0,0.6016905431718272,0.7895491672341806,0,train
2328466898069313329,'lobbies_on',0,0.7112447854588796,0.8278639241490684,0,test
2328466898069313329,'lobbies_on',0,0.8176854124856652,0.9356703671555937,1,train
2328466898069313329,'lobbies_on',0,0.8756007973902463,0.9732251759573128,1,test
2328466898069313329,'lobbies_on',0,0.907023037318425,0.9631251102219371,2,train
2328466898069313329,'lobbies_on',0,0.9375261891016091,0.973750861351895,2,test
2328466898069313329,'lobbies_on',0,0.9447215602303135,0.9697146627341713,3,train
2328466898069313329,'lobbies_on',0,0.9429877807471693,0.9717260668595704,3,test
2328466898069313329,'lobbies_on',0,0.9452034206565367,0.9728021223159671,4,train
2328466898069313329,'lobbies_on',0,0.9451946490427593,0.9783524840418896,4,test
2328466898069313329,'lobbies_on',1,0.5440982923595183,0.5597652299765754,0,train
2328466898069313329,'lobbies_on',1,0.7043330935575586,0.877378804174597,0,test
2328466898069313329,'lobbies_on',1,0.8417396102112003,0.919442507257877,1,train
2328466898069313329,'lobbies_on',1,0.8927048996511223,0.952760589367798,1,test
2328466898069313329,'lobbies_on',1,0.9288457001385704,0.9610258739883177,2,train
2328466898069313329,'lobbies_on',1,0.9308525270349125,0.9691042269643488,2,test
2328466898069313329,'lobbies_on',1,0.9459846706565367,0.9704958707916997,3,train
2328466898069313329,'lobbies_on',1,0.9447998725851708,0.9741892679670777,3,test
2328466898069313329,'lobbies_on',1,0.9562105791284404,0.9803133969180884,4,train
2328466898069313329,'lobbies_on',1,0.9485408402550158,0.981238904891015,4,test
2328466898069313329,'lobbies_on',2,0.6309197008792049,0.684714590270554,0,train
2328466898069313329,'lobbies_on',2,0.7051402998671534,0.9605862206385586,0,test
2328466898069313329,'lobbies_on',2,0.8663341277236238,0.9543683380026812,1,train
2328466898069313329,'lobbies_on',2,0.9316167638185341,0.9658328280190864,1,test
2328466898069313329,'lobbies_on',2,0.9386765786267202,0.9660062923552578,2,train
2328466898069313329,'lobbies_on',2,0.927614002129271,0.967588467198,2,test
2328466898069313329,'lobbies_on',2,0.9481067529147553,0.972708056226861,3,train
2328466898069313329,'lobbies_on',2,0.9464967323760926,0.9729490676174503,3,test
2328466898069313329,'lobbies_on',2,0.9570554400802752,0.9806444743649442,4,train
2328466898069313329,'lobbies_on',2,0.9431697465050158,0.9791013981804295,4,test
2328466898069313329,'lobbies_on',3,0.6653654792622324,0.7426827473176804,0,train
2328466898069313329,'lobbies_on',3,0.8357355529275924,0.9587555619637249,0,test
2328466898069313329,'lobbies_on',3,0.8708192971139145,0.9436079642933428,1,train
2328466898069313329,'lobbies_on',3,0.9207067720748907,0.9662057298061241,1,test
2328466898069313329,'lobbies_on',3,0.9321277863388762,0.9636369609638136,2,train
2328466898069313329,'lobbies_on',3,0.9416594113155542,0.9714988126792463,2,test
2328466898069313329,'lobbies_on',3,0.9482917622324158,0.9689248087857459,3,train
2328466898069313329,'lobbies_on',3,0.9493162316559892,0.9759981526906565,3,test
2328466898069313329,'lobbies_on',3,0.9528954182196101,0.9781080720708004,4,train
2328466898069313329,'lobbies_on',3,0.9417049027550158,0.9829533748343625,4,test
2328466898069313329,'lobbies_on',4,0.692626953125,0.743882429128656,0,train
2328466898069313329,'lobbies_on',4,0.8767962813803635,0.9425608655127327,0,test
2328466898069313329,'lobbies_on',4,0.9134764131785168,0.9594796667764138,1,train
2328466898069313329,'lobbies_on',4,0.9284161646118892,0.9665497216410752,1,test
2328466898069313329,'lobbies_on',4,0.9416829427083334,0.969583069915793,2,train
2328466898069313329,'lobbies_on',4,0.9419085957675307,0.9727161412313371,2,test
2328466898069313329,'lobbies_on',4,0.9498282802943425,0.9775247901864772,3,train
2328466898069313329,'lobbies_on',4,0.9399984402935041,0.9759637535071616,3,test
2328466898069313329,'lobbies_on',4,0.9520727315080275,0.9826103881687158,4,train
2328466898069313329,'lobbies_on',4,0.9449697137589391,0.9829844804790122,4,test
2328466898069313329,buy-sell & lobbies_on,0,0.6389028753344801,0.6729540962184292,0,train
2328466898069313329,buy-sell & lobbies_on,0,0.7572310049476063,0.7868829692204157,0,test
2328466898069313329,buy-sell & lobbies_on,0,0.7807047526041667,0.8213155857608273,1,train
2328466898069313329,buy-sell & lobbies_on,0,0.7717869076219209,0.821776366516713,1,test
2328466898069313329,buy-sell & lobbies_on,0,0.7863237946769878,0.843199028135537,2,train
2328466898069313329,buy-sell & lobbies_on,0,0.7936741098033373,0.8575361475036988,2,test
2328466898069313329,buy-sell & lobbies_on,0,0.8100471706565366,0.8748173767811516,3,train
2328466898069313329,buy-sell & lobbies_on,0,0.8109373836039929,0.8787368400251334,3,test
2328466898069313329,buy-sell & lobbies_on,0,0.8234954367354741,0.8905858534757035,4,train
2328466898069313329,buy-sell & lobbies_on,0,0.8133337833978943,0.8933921730147188,4,test
2328466898069313329,buy-sell & lobbies_on,1,0.5981785765481652,0.635398553454338,0,train
2328466898069313329,buy-sell & lobbies_on,1,0.7219716474846046,0.761710268851576,0,test
2328466898069313329,buy-sell & lobbies_on,1,0.7650207706183104,0.8019132518733671,1,train
2328466898069313329,buy-sell & lobbies_on,1,0.7713668150327772,0.8296975104139868,1,test
2328466898069313329,buy-sell & lobbies_on,1,0.7949291917526758,0.8333665056152938,2,train
2328466898069313329,buy-sell & lobbies_on,1,0.7548025962517381,0.8312610264935925,2,test
2328466898069313329,buy-sell & lobbies_on,1,0.8016654571626528,0.8550739521101525,3,train
2328466898069313329,buy-sell & lobbies_on,1,0.7913707298184843,0.8535004645719515,3,test
2328466898069313329,buy-sell & lobbies_on,1,0.8135191191227065,0.8803195778914368,4,train
2328466898069313329,buy-sell & lobbies_on,1,0.8070730361665673,0.8917011237920489,4,test
2328466898069313329,buy-sell & lobbies_on,2,0.6068338469992355,0.6362904592019706,0,train
2328466898069313329,buy-sell & lobbies_on,2,0.7051864702833234,0.7830416050805398,0,test
2328466898069313329,buy-sell & lobbies_on,2,0.7741546910837156,0.8228210654554872,1,train
2328466898069313329,buy-sell & lobbies_on,2,0.7753717106488379,0.8444659215705936,1,test
2328466898069313329,buy-sell & lobbies_on,2,0.7812418619791667,0.8460154348598877,2,train
2328466898069313329,buy-sell & lobbies_on,2,0.7907611057310291,0.8667437842688144,2,test
2328466898069313329,buy-sell & lobbies_on,2,0.8120831690797019,0.8760404379081661,3,train
2328466898069313329,buy-sell & lobbies_on,2,0.8144635036439709,0.8822007280184643,3,test
2328466898069313329,buy-sell & lobbies_on,2,0.8250297149751529,0.8942593719675266,4,train
2328466898069313329,buy-sell & lobbies_on,2,0.8130507471071713,0.8948819504190663,4,test
2328466898069313329,buy-sell & lobbies_on,3,0.5232153096330275,0.5675911969183194,0,train
2328466898069313329,buy-sell & lobbies_on,3,0.6945609697804928,0.774095804653624,0,test
2328466898069313329,buy-sell & lobbies_on,3,0.7063847626385703,0.7715390525035856,1,train
2328466898069313329,buy-sell & lobbies_on,3,0.7645097322581447,0.8228035846876791,1,test
2328466898069313329,buy-sell & lobbies_on,3,0.7737355456804281,0.827772319750378,2,train
2328466898069313329,buy-sell & lobbies_on,3,0.7644905269169646,0.8240240238042351,2,test
2328466898069313329,buy-sell & lobbies_on,3,0.7988600797974006,0.8415494911883931,3,train
2328466898069313329,buy-sell & lobbies_on,3,0.804775184992054,0.8692607798441279,3,test
2328466898069313329,buy-sell & lobbies_on,3,0.8180189966790902,0.8651154080361281,4,train
2328466898069313329,buy-sell & lobbies_on,3,0.7981120955626738,0.8833677386159744,4,test
2328466898069313329,buy-sell & lobbies_on,4,0.5644599937882263,0.630822540102189,0,train
2328466898069313329,buy-sell & lobbies_on,4,0.6798582141438221,0.7310670004607295,0,test
2328466898069313329,buy-sell & lobbies_on,4,0.7357451739296635,0.8059783694352468,1,train
2328466898069313329,buy-sell & lobbies_on,4,0.7070513283112336,0.7872018935652667,1,test
2328466898069313329,buy-sell & lobbies_on,4,0.773675443783448,0.8278794457334616,2,train
2328466898069313329,buy-sell & lobbies_on,4,0.7412537130326281,0.8223587739691863,2,test
2328466898069313329,buy-sell & lobbies_on,4,0.7881543267392966,0.8460932984866085,3,train
2328466898069313329,buy-sell & lobbies_on,4,0.7759752239459177,0.8514251691506659,3,test
2328466898069313329,buy-sell & lobbies_on,4,0.8100780055428135,0.8681985374139998,4,train
2328466898069313329,buy-sell & lobbies_on,4,0.7966164068707787,0.8746757236545253,4,test
2328466898069313329,buy-sell & bill-committee,0,0.6239106997801989,0.6586269230991534,0,train
2328466898069313329,buy-sell & bill-committee,0,0.715986370803536,0.7683644981396995,0,test
2328466898069313329,buy-sell & bill-committee,0,0.771031632262997,0.8279364641072625,1,train
2328466898069313329,buy-sell & bill-committee,0,0.7824886475094358,0.840048188132794,1,test
2328466898069313329,buy-sell & bill-committee,0,0.7945882908065749,0.8618978710302277,2,train
2328466898069313329,buy-sell & bill-committee,0,0.7915202986876738,0.8715062414390861,2,test
2328466898069313329,buy-sell & bill-committee,0,0.817713484924503,0.8904056784721239,3,train
2328466898069313329,buy-sell & bill-committee,0,0.8163251607816845,0.8915986581390847,3,test
2328466898069313329,buy-sell & bill-committee,0,0.8325639543912462,0.9075454595173454,4,train
2328466898069313329,buy-sell & bill-committee,0,0.8291256176748113,0.9022622220481933,4,test
2328466898069313329,buy-sell & bill-committee,1,0.5139969478688837,0.5229507788752137,0,train
2328466898069313329,buy-sell & bill-committee,1,0.619431712014551,0.6235155745962762,0,test
2328466898069313329,buy-sell & bill-committee,1,0.6330063192851683,0.7446972104149931,1,train
2328466898069313329,buy-sell & bill-committee,1,0.7113043414158721,0.7998205387278083,1,test
2328466898069313329,buy-sell & bill-committee,1,0.7664772523652523,0.8378575558717246,2,train
2328466898069313329,buy-sell & bill-committee,1,0.76796261981029,0.8549668212556214,2,test
2328466898069313329,buy-sell & bill-committee,1,0.8013085788178517,0.8648203307004294,3,train
2328466898069313329,buy-sell & bill-committee,1,0.8022226205552245,0.885535253124928,3,test
2328466898069313329,buy-sell & bill-committee,1,0.8140398031345566,0.8862617757544001,4,train
2328466898069313329,buy-sell & bill-committee,1,0.8082219617538241,0.9060721145946588,4,test
2328466898069313329,buy-sell & bill-committee,2,0.5603591778956422,0.6107409646715534,0,train
2328466898069313329,buy-sell & bill-committee,2,0.6853659762055523,0.7624593659644964,0,test
2328466898069313329,buy-sell & bill-committee,2,0.7192503762901377,0.8173140221630242,1,train
2328466898069313329,buy-sell & bill-committee,2,0.7846555531759037,0.8430002967844448,1,test
2328466898069313329,buy-sell & bill-committee,2,0.807774423021789,0.8580031877106947,2,train
2328466898069313329,buy-sell & bill-committee,2,0.7907878768126738,0.8694578432517036,2,test
2328466898069313329,buy-sell & bill-committee,2,0.8172046719705657,0.8827867688719104,3,train
2328466898069313329,buy-sell & bill-committee,2,0.7983729196153656,0.8874788069924024,3,test
2328466898069313329,buy-sell & bill-committee,2,0.8324094813168961,0.901022293924008,4,train
2328466898069313329,buy-sell & bill-committee,2,0.8171540943459475,0.8993816563792372,4,test
2328466898069313329,buy-sell & bill-committee,3,0.5475252203985091,0.5912575500393297,0,train
2328466898069313329,buy-sell & bill-committee,3,0.6908869298147596,0.7060564153928295,0,test
2328466898069313329,buy-sell & bill-committee,3,0.7151967459862385,0.8107870637322613,1,train
2328466898069313329,buy-sell & bill-committee,3,0.7869099498410806,0.8463275029156968,1,test
2328466898069313329,buy-sell & bill-committee,3,0.7954771269352064,0.8572154133671915,2,train
2328466898069313329,buy-sell & bill-committee,3,0.7863412583494735,0.8748797400885524,2,test
2328466898069313329,buy-sell & bill-committee,3,0.8029603730647935,0.870873553932727,3,train
2328466898069313329,buy-sell & bill-committee,3,0.8024612323698848,0.8768447019585214,3,test
2328466898069313329,buy-sell & bill-committee,3,0.8179376911314984,0.8912352872706764,4,train
2328466898069313329,buy-sell & bill-committee,3,0.8123865138930274,0.9098873133981525,4,test
2328466898069313329,buy-sell & bill-committee,4,0.5589966940223624,0.64168950755168,0,train
2328466898069313329,buy-sell & bill-committee,4,0.6509833716664183,0.6815887153112595,0,test
2328466898069313329,buy-sell & bill-committee,4,0.673649760488341,0.8015627071313383,1,train
2328466898069313329,buy-sell & bill-committee,4,0.7148228957153854,0.7711286921027891,1,test
2328466898069313329,buy-sell & bill-committee,4,0.777708318401185,0.8412605092231354,2,train
2328466898069313329,buy-sell & bill-committee,4,0.7577420804156735,0.822511374602351,2,test
2328466898069313329,buy-sell & bill-committee,4,0.787347318783448,0.8574114150734624,3,train
2328466898069313329,buy-sell & bill-committee,4,0.7838201208345749,0.846502426423257,3,test
2328466898069313329,buy-sell & bill-committee,4,0.801208682745604,0.8754226589001064,4,train
2328466898069313329,buy-sell & bill-committee,4,0.7987555714888757,0.8748951099364969,4,test
2328466898069313329,MC - committee assignmet,0,0.5938666200783639,0.7754944812636984,0,train
2328466898069313329,MC - committee assignmet,0,0.7382650515556715,0.8723998883124383,0,test
2328466898069313329,MC - committee assignmet,0,0.8606193705800841,0.940586682303271,1,train
2328466898069313329,MC - committee assignmet,0,0.919838845848232,0.971084375707882,1,test
2328466898069313329,MC - committee assignmet,0,0.9322062547782874,0.9649036623066461,2,train
2328466898069313329,MC - committee assignmet,0,0.8882184155554729,0.9636773898192322,2,test
2328466898069313329,MC - committee assignmet,0,0.9321614583333334,0.9660415070962018,3,train
2328466898069313329,MC - committee assignmet,0,0.9507765165623758,0.9755570014597695,3,test
2328466898069313329,MC - committee assignmet,0,0.9471244415376529,0.9692903674099735,4,train
2328466898069313329,MC - committee assignmet,0,0.9514295951591677,0.9764094790975557,4,test
2328466898069313329,MC - committee assignmet,1,0.6148244875286697,0.7129774600480179,0,train
2328466898069313329,MC - committee assignmet,1,0.818815744344706,0.8620605550052093,0,test
2328466898069313329,MC - committee assignmet,1,0.9127477990013378,0.9519615276541111,1,train
2328466898069313329,MC - committee assignmet,1,0.9340243182297874,0.9634166513273145,1,test
2328466898069313329,MC - committee assignmet,1,0.9455718714162844,0.9606796170149305,2,train
2328466898069313329,MC - committee assignmet,1,0.9395435258988876,0.9621590684115592,2,test
2328466898069313329,MC - committee assignmet,1,0.9408907922400612,0.9661210735259766,3,train
2328466898069313329,MC - committee assignmet,1,0.9445244020349125,0.9739761028140361,3,test
2328466898069313329,MC - committee assignmet,1,0.9556307638092507,0.9744278994124009,4,train
2328466898069313329,MC - committee assignmet,1,0.9475809611827076,0.9800009002339511,4,test
2328466898069313329,MC - committee assignmet,2,0.7088287820145259,0.77516263627277,0,train
2328466898069313329,MC - committee assignmet,2,0.9135069030591975,0.96188497278988,0,test
2328466898069313329,MC - committee assignmet,2,0.9330638827169343,0.9619449876951404,1,train
2328466898069313329,MC - committee assignmet,2,0.9261011450263211,0.9645106551470876,1,test
2328466898069313329,MC - committee assignmet,2,0.9430829062738914,0.9674872313932019,2,train
2328466898069313329,MC - committee assignmet,2,0.9423822305199643,0.9713465779948424,2,test
2328466898069313329,MC - committee assignmet,2,0.9524938927513379,0.9738511474625842,3,train
2328466898069313329,MC - committee assignmet,2,0.9516166047439909,0.9799617437165683,3,test
2328466898069313329,MC - committee assignmet,2,0.9570265463732799,0.9802431813742436,4,train
2328466898069313329,MC - committee assignmet,2,0.9558600151780393,0.9839092329970142,4,test
2328466898069313329,MC - committee assignmet,3,0.587116841074159,0.7469756444669626,0,train
2328466898069313329,MC - committee assignmet,3,0.8036495386062277,0.9012236594656489,0,test
2328466898069313329,MC - committee assignmet,3,0.867763955585818,0.9361449493994742,1,train
2328466898069313329,MC - committee assignmet,3,0.950436349231476,0.9557582586401419,1,test
2328466898069313329,MC - committee assignmet,3,0.9501938939459098,0.9589219286975744,2,train
2328466898069313329,MC - committee assignmet,3,0.9293012592496027,0.9521922709426073,2,test
2328466898069313329,MC - committee assignmet,3,0.9315029505925077,0.9579627064630859,3,train
2328466898069313329,MC - committee assignmet,3,0.9502038482071912,0.9648652594960959,3,test
2328466898069313329,MC - committee assignmet,3,0.9493746416284404,0.9638675694154575,4,train
2328466898069313329,MC - committee assignmet,3,0.9528656308973976,0.9600475440629753,4,test
2328466898069313329,MC - committee assignmet,4,0.6132987206135321,0.6819836859455138,0,train
2328466898069313329,MC - committee assignmet,4,0.9224946147447358,0.9566469652052257,0,test
2328466898069313329,MC - committee assignmet,4,0.9329733192373852,0.9610870368062934,1,train
2328466898069313329,MC - committee assignmet,4,0.9345338417510926,0.9597352067958148,1,test
2328466898069313329,MC - committee assignmet,4,0.9450964318138378,0.9671255571710582,2,train
2328466898069313329,MC - committee assignmet,4,0.9520472699704509,0.9711109069930246,2,test
2328466898069313329,MC - committee assignmet,4,0.9531668846760321,0.9713233214198095,3,train
2328466898069313329,MC - committee assignmet,4,0.9487779001229142,0.9772851944816391,3,test
2328466898069313329,MC - committee assignmet,4,0.9579851156345566,0.9816684345346254,4,train
2328466898069313329,MC - committee assignmet,4,0.9535287971481426,0.9830507172046786,4,test
2328466898069313329,buy-sell & ticker-naics,0,0.6417865718176605,0.680845226118908,0,train
2328466898069313329,buy-sell & ticker-naics,0,0.7515874475441994,0.8084532699900425,0,test
2328466898069313329,buy-sell & ticker-naics,0,0.7822499313121177,0.8306565790288915,1,train
2328466898069313329,buy-sell & ticker-naics,0,0.7739174395361541,0.8274855331306221,1,test
2328466898069313329,buy-sell & ticker-naics,0,0.7868455239392202,0.8470662295058957,2,train
2328466898069313329,buy-sell & ticker-naics,0,0.7871126728868694,0.8576078734607737,2,test
2328466898069313329,buy-sell & ticker-naics,0,0.8040481054090215,0.8664135905309982,3,train
2328466898069313329,buy-sell & ticker-naics,0,0.8014916536303138,0.8764948549434006,3,test
2328466898069313329,buy-sell & ticker-naics,0,0.8149560397553517,0.8839471825519848,4,train
2328466898069313329,buy-sell & ticker-naics,0,0.8062233453143625,0.888373917660797,4,test
2328466898069313329,buy-sell & ticker-naics,1,0.4979135309155199,0.5093044825981629,0,train
2328466898069313329,buy-sell & ticker-naics,1,0.4991086005785657,0.5959980575439788,0,test
2328466898069313329,buy-sell & ticker-naics,1,0.6426195617115826,0.7056635544656794,1,train
2328466898069313329,buy-sell & ticker-naics,1,0.7663409324406536,0.8424153276906474,1,test
2328466898069313329,buy-sell & ticker-naics,1,0.7792067594849006,0.8356476716620405,2,train
2328466898069313329,buy-sell & ticker-naics,1,0.8040139551052841,0.8569879562603404,2,test
2328466898069313329,buy-sell & ticker-naics,1,0.7961450419294724,0.8533235635093648,3,train
2328466898069313329,buy-sell & ticker-naics,1,0.7935417093452027,0.8638751119345771,3,test
2328466898069313329,buy-sell & ticker-naics,1,0.803651358228211,0.8647688904962452,4,train
2328466898069313329,buy-sell & ticker-naics,1,0.8071468506344358,0.8839323975535595,4,test
2328466898069313329,buy-sell & ticker-naics,2,0.631622034475344,0.6876326663373009,0,train
2328466898069313329,buy-sell & ticker-naics,2,0.7300195584090683,0.7984632347747932,0,test
2328466898069313329,buy-sell & ticker-naics,2,0.7601796934728593,0.8176199774077773,1,train
2328466898069313329,buy-sell & ticker-naics,2,0.7761025805770759,0.8335913882010069,1,test
2328466898069313329,buy-sell & ticker-naics,2,0.7933351849197248,0.8497819744755617,2,train
2328466898069313329,buy-sell & ticker-naics,2,0.7864712338907927,0.860762351777029,2,test
2328466898069313329,buy-sell & ticker-naics,2,0.8102222500955657,0.8691339629715126,3,train
2328466898069313329,buy-sell & ticker-naics,2,0.8000985874180572,0.8724613677042168,3,test
2328466898069313329,buy-sell & ticker-naics,2,0.818173544414182,0.8819058464905588,4,train
2328466898069313329,buy-sell & ticker-naics,2,0.8029564973803138,0.8913763442670284,4,test
2328466898069313329,buy-sell & ticker-naics,3,0.5582049915185398,0.6069155468813326,0,train
2328466898069313329,buy-sell & ticker-naics,3,0.6706388744040525,0.7128886787529783,0,test
2328466898069313329,buy-sell & ticker-naics,3,0.7333846999235474,0.8003081707072603,1,train
2328466898069313329,buy-sell & ticker-naics,3,0.7620521275638161,0.8264575830621348,1,test
2328466898069313329,buy-sell & ticker-naics,3,0.7839990085053516,0.8394829704578077,2,train
2328466898069313329,buy-sell & ticker-naics,3,0.7826791489744735,0.8609251989754899,2,test
2328466898069313329,buy-sell & ticker-naics,3,0.7924546361334098,0.8562339419616161,3,train
2328466898069313329,buy-sell & ticker-naics,3,0.7952790167486095,0.8725330936612916,3,test
2328466898069313329,buy-sell & ticker-naics,3,0.806210653789182,0.8716026640482047,4,train
2328466898069313329,buy-sell & ticker-naics,3,0.8059670801052841,0.8870244816061345,4,test
2328466898069313329,buy-sell & ticker-naics,4,0.5241696232320336,0.5439426266387704,0,train
2328466898069313329,buy-sell & ticker-naics,4,0.6055407215310886,0.6640725778857894,0,test
2328466898069313329,buy-sell & ticker-naics,4,0.7162359488484327,0.7761135967518706,1,train
2328466898069313329,buy-sell & ticker-naics,4,0.7572769813704311,0.8211037526947552,1,test
2328466898069313329,buy-sell & ticker-naics,4,0.778556613747133,0.8325258716582213,2,train
2328466898069313329,buy-sell & ticker-naics,4,0.7882170770013905,0.8560412468167032,2,test
2328466898069313329,buy-sell & ticker-naics,4,0.7959480868931574,0.8529150277699322,3,train
2328466898069313329,buy-sell & ticker-naics,4,0.7896693111839491,0.8635334987665697,3,test
2328466898069313329,buy-sell & ticker-naics,4,0.808902920130925,0.8674141084056103,4,train
2328466898069313329,buy-sell & ticker-naics,4,0.7982339233834922,0.8770448759305619,4,test
2328466898069313329,buy-sell & MC-committee,0,0.5505413650372707,0.5706557556757537,0,train
2328466898069313329,buy-sell & MC-committee,0,0.5858117923122765,0.5819430634961353,0,test
2328466898069313329,buy-sell & MC-committee,0,0.5957654667192278,0.6481561804129938,1,train
2328466898069313329,buy-sell & MC-committee,0,0.6612260263023937,0.7017550536608965,1,test
2328466898069313329,buy-sell & MC-committee,0,0.6361154165472095,0.6994245886365376,2,train
2328466898069313329,buy-sell & MC-committee,0,0.6332972893697855,0.7089228920345032,2,test
2328466898069313329,buy-sell & MC-committee,0,0.6855123070766437,0.7520980634917539,3,train
2328466898069313329,buy-sell & MC-committee,0,0.6835560182943484,0.7381221266160755,3,test
2328466898069313329,buy-sell & MC-committee,0,0.7073066734757263,0.7761840760186683,4,train
2328466898069313329,buy-sell & MC-committee,0,0.7018701540462357,0.7592289532804196,4,test
2328466898069313329,buy-sell & MC-committee,1,0.5308293613818807,0.5541954372291252,0,train
2328466898069313329,buy-sell & MC-committee,1,0.5255816114484009,0.6092594917044906,0,test
2328466898069313329,buy-sell & MC-committee,1,0.5760100105122324,0.6363831679712637,1,train
2328466898069313329,buy-sell & MC-committee,1,0.6680767072966329,0.679257072783183,1,test
2328466898069313329,buy-sell & MC-committee,1,0.6269826906536697,0.7077543152571056,2,train
2328466898069313329,buy-sell & MC-committee,1,0.6522670256319527,0.7369069937565482,2,test
2328466898069313329,buy-sell & MC-committee,1,0.6686939297830657,0.7410376722340128,3,train
2328466898069313329,buy-sell & MC-committee,1,0.6665682150439511,0.7626858882472993,3,test
2328466898069313329,buy-sell & MC-committee,1,0.6890999050315367,0.7686003306619746,4,train
2328466898069313329,buy-sell & MC-committee,1,0.7112830021478943,0.7751032615915184,4,test
2328466898069313329,buy-sell & MC-committee,2,0.4938248100630734,0.47819226793303393,0,train
2328466898069313329,buy-sell & MC-committee,2,0.5038875296421832,0.513699108878173,0,test
2328466898069313329,buy-sell & MC-committee,2,0.5174512017392966,0.5373144146032598,1,train
2328466898069313329,buy-sell & MC-committee,2,0.6079536107593365,0.5693610132096525,1,test
2328466898069313329,buy-sell & MC-committee,2,0.5680628971951452,0.6228689953277788,2,train
2328466898069313329,buy-sell & MC-committee,2,0.5790140715012911,0.6930754809573074,2,test
2328466898069313329,buy-sell & MC-committee,2,0.6112645887089068,0.6939590400037863,3,train
2328466898069313329,buy-sell & MC-committee,2,0.6353626395200139,0.7461071285720715,3,test
2328466898069313329,buy-sell & MC-committee,2,0.6614102518157493,0.7333352105432402,4,train
2328466898069313329,buy-sell & MC-committee,2,0.6876073753165972,0.7685355791852737,4,test
2328466898069313329,buy-sell & MC-committee,3,0.5224010595852446,0.540992032978384,0,train
2328466898069313329,buy-sell & MC-committee,3,0.551086595525427,0.5502310417499963,0,test
2328466898069313329,buy-sell & MC-committee,3,0.5911977225487386,0.6268972671333487,1,train
2328466898069313329,buy-sell & MC-committee,3,0.6455756131741657,0.7502579023890233,1,test
2328466898069313329,buy-sell & MC-committee,3,0.6430378111859709,0.7136750698475696,2,train
2328466898069313329,buy-sell & MC-committee,3,0.6413929226571812,0.7265919960418983,2,test
2328466898069313329,buy-sell & MC-committee,3,0.678354208476682,0.7497741341240453,3,train
2328466898069313329,buy-sell & MC-committee,3,0.6797291115725566,0.7678688205434852,3,test
2328466898069313329,buy-sell & MC-committee,3,0.7057457413512996,0.7743176889291409,4,train
2328466898069313329,buy-sell & MC-committee,3,0.6988600563046284,0.7916811063948449,4,test
2328466898069313329,buy-sell & MC-committee,4,0.5354891622467507,0.5562147218521302,0,train
2328466898069313329,buy-sell & MC-committee,4,0.568235607245729,0.6017427211876647,0,test
2328466898069313329,buy-sell & MC-committee,4,0.6010867617545872,0.6551554105193711,1,train
2328466898069313329,buy-sell & MC-committee,4,0.6039135053511124,0.6633677605729001,1,test
2328466898069313329,buy-sell & MC-committee,4,0.6480949565175841,0.7169236523531385,2,train
2328466898069313329,buy-sell & MC-committee,4,0.66715358996325,0.7382690550434509,2,test
2328466898069313329,buy-sell & MC-committee,4,0.6839192708333333,0.7571314146979117,3,train
2328466898069313329,buy-sell & MC-committee,4,0.6964206869847537,0.74837125355382,3,test
2328466898069313329,buy-sell & MC-committee,4,0.7051713762662462,0.7772311615102759,4,train
2328466898069313329,buy-sell & MC-committee,4,0.7185885005400774,0.7817474272887259,4,test
2328466898069313329,buy-sell & MC-committee & bill-committee,0,0.5223653717507645,0.556003290621331,0,train
2328466898069313329,buy-sell & MC-committee & bill-committee,0,0.6032066905976857,0.5312855084656757,0,test
2328466898069313329,buy-sell & MC-committee & bill-committee,0,0.545491760440558,0.5987655265401324,1,train
2328466898069313329,buy-sell & MC-committee & bill-committee,0,0.6202297036402463,0.6021525837995216,1,test
2328466898069313329,buy-sell & MC-committee & bill-committee,0,0.585907262399656,0.6708794960821851,2,train
2328466898069313329,buy-sell & MC-committee & bill-committee,0,0.655802457352503,0.6484784033509196,2,test
2328466898069313329,buy-sell & MC-committee & bill-committee,0,0.6353820240825688,0.7143107456703348,3,train
2328466898069313329,buy-sell & MC-committee & bill-committee,0,0.6669019805944577,0.6810800465340444,3,test
2328466898069313329,buy-sell & MC-committee & bill-committee,0,0.6595846473623853,0.7360589823751964,4,train
2328466898069313329,buy-sell & MC-committee & bill-committee,0,0.6339412502793503,0.7389134908108436,4,test
2328466898069313329,buy-sell & MC-committee & bill-committee,1,0.5189305296731652,0.5528725886118556,0,train
2328466898069313329,buy-sell & MC-committee & bill-committee,1,0.42052296338026424,0.6012741237997339,0,test
2328466898069313329,buy-sell & MC-committee & bill-committee,1,0.5561289749378823,0.6270067738228224,1,train
2328466898069313329,buy-sell & MC-committee & bill-committee,1,0.6418520079087208,0.6693984131729844,1,test
2328466898069313329,buy-sell & MC-committee & bill-committee,0,0.5196615329940749,0.5568297275808433,0,train
2328466898069313329,buy-sell & MC-committee & bill-committee,0,0.6112512066386074,0.5403445700339929,0,test
2328466898069313329,buy-sell & MC-committee & bill-committee,0,0.5474796026853975,0.5992557670644092,1,train
2328466898069313329,buy-sell & MC-committee & bill-committee,0,0.6152604671049364,0.6146914521322553,1,test
2328466898069313329,buy-sell & MC-committee & bill-committee,0,0.5889564817469419,0.6712661476512182,2,train
2328466898069313329,buy-sell & MC-committee & bill-committee,0,0.6584728727465733,0.6610425221481339,2,test
2328466898069313329,buy-sell & MC-committee & bill-committee,0,0.6321712388904817,0.707459107997477,3,train
2328466898069313329,buy-sell & MC-committee & bill-committee,0,0.6663660739781982,0.7240680474401334,3,test
2328466898069313329,buy-sell & MC-committee & bill-committee,0,0.6621249790949923,0.7459152582402744,4,train
2328466898069313329,buy-sell & MC-committee & bill-committee,0,0.6174083614235698,0.7558034899069501,4,test
2328466898069313329,buy-sell & MC-committee & bill-committee,1,0.504582750979549,0.514091773987716,0,train
2328466898069313329,buy-sell & MC-committee & bill-committee,1,0.6071579470537842,0.5369906496432182,0,test
2328466898069313329,buy-sell & MC-committee & bill-committee,1,0.5418541397887997,0.5800267080860277,1,train
2328466898069313329,buy-sell & MC-committee & bill-committee,1,0.4362798788550357,0.7114296410445202,1,test
2328466898069313329,buy-sell & MC-committee & bill-committee,1,0.596290331732607,0.6902329184597821,2,train
2328466898069313329,buy-sell & MC-committee & bill-committee,1,0.676855100162644,0.7343340080208649,2,test
2328466898069313329,buy-sell & MC-committee & bill-committee,1,0.6603781417240061,0.7315705352266602,3,train
2328466898069313329,buy-sell & MC-committee & bill-committee,1,0.6802139009423421,0.7589050886273006,3,test
2328466898069313329,buy-sell & MC-committee & bill-committee,1,0.6838328883553134,0.7622540838133884,4,train
2328466898069313329,buy-sell & MC-committee & bill-committee,1,0.6855905235026817,0.7757070770464861,4,test
2328466898069313329,buy-sell & MC-committee & bill-committee,2,0.5222724937882263,0.5447891314852182,0,train
2328466898069313329,buy-sell & MC-committee & bill-committee,2,0.5793817858872169,0.5829571075117205,0,test
2328466898069313329,buy-sell & MC-committee & bill-committee,2,0.5924564279912079,0.6610452460911862,1,train
2328466898069313329,buy-sell & MC-committee & bill-committee,2,0.5707551928138658,0.7039701415087263,1,test
2328466898069313329,buy-sell & MC-committee & bill-committee,2,0.6392195115395642,0.7017777062636038,2,train
2328466898069313329,buy-sell & MC-committee & bill-committee,2,0.6325315006394021,0.7248116553216452,2,test
2328466898069313329,buy-sell & MC-committee & bill-committee,2,0.6705093057148318,0.7420582713541026,3,train
2328466898069313329,buy-sell & MC-committee & bill-committee,2,0.6935860562239272,0.7470957391487958,3,test
2328466898069313329,buy-sell & MC-committee & bill-committee,2,0.7010453997037461,0.7700853072420805,4,train
2328466898069313329,buy-sell & MC-committee & bill-committee,2,0.710617313983661,0.7566524910315107,4,test
2328466898069313329,buy-sell & MC-committee & bill-committee,3,0.49937225248470946,0.5017341407001885,0,train
2328466898069313329,buy-sell & MC-committee & bill-committee,3,0.5482459509708979,0.55800232962981,0,test
2328466898069313329,buy-sell & MC-committee & bill-committee,3,0.5624857397983563,0.6010077506070978,1,train
2328466898069313329,buy-sell & MC-committee & bill-committee,3,0.5276605411327969,0.635360604078938,1,test
2328466898069313329,buy-sell & MC-committee & bill-committee,3,0.6288104602685397,0.6942161651029884,2,train
2328466898069313329,buy-sell & MC-committee & bill-committee,3,0.6444075792424017,0.6867760389925723,2,test
2328466898069313329,buy-sell & MC-committee & bill-committee,3,0.6596292944858563,0.7362638610929809,3,train
2328466898069313329,buy-sell & MC-committee & bill-committee,3,0.689461951697209,0.7390229094902591,3,test
2328466898069313329,buy-sell & MC-committee & bill-committee,3,0.6953543846760322,0.7658050089605979,4,train
2328466898069313329,buy-sell & MC-committee & bill-committee,3,0.7047689966043404,0.7632355432857002,4,test
2328466898069313329,buy-sell & MC-committee & bill-committee,4,0.5030366763426988,0.5049826913910321,0,train
2328466898069313329,buy-sell & MC-committee & bill-committee,4,0.5410380312313766,0.5310714284407325,0,test
2328466898069313329,buy-sell & MC-committee & bill-committee,4,0.5562379049598624,0.6057602318340976,1,train
2328466898069313329,buy-sell & MC-committee & bill-committee,4,0.5050630323177394,0.6733508427616981,1,test
2328466898069313329,buy-sell & MC-committee & bill-committee,4,0.6149057184155199,0.6860041445208016,2,train
2328466898069313329,buy-sell & MC-committee & bill-committee,4,0.668356639693832,0.7179389546234516,2,test
2328466898069313329,buy-sell & MC-committee & bill-committee,4,0.6646563515386086,0.7318516857969841,3,train
2328466898069313329,buy-sell & MC-committee & bill-committee,4,0.6687892448537446,0.7438821601077061,3,test
2328466898069313329,buy-sell & MC-committee & bill-committee,4,0.6890777307912843,0.7631522228410919,4,train
2328466898069313329,buy-sell & MC-committee & bill-committee,4,0.7049666758231526,0.7584306360592001,4,test
2328466898069313329,buy-sell & bill-committee & lobbies-on,0,0.5419963685015291,0.6089406235881447,0,train
2328466898069313329,buy-sell & bill-committee & lobbies-on,0,0.6477433918106873,0.6361514193505653,0,test
2328466898069313329,buy-sell & bill-committee & lobbies-on,0,0.6693300393014143,0.7598909184715437,1,train
2328466898069313329,buy-sell & bill-committee & lobbies-on,0,0.7711974588423719,0.8337677755036095,1,test
2328466898069313329,buy-sell & bill-committee & lobbies-on,0,0.7607940767154051,0.8254918276321431,2,train
2328466898069313329,buy-sell & bill-committee & lobbies-on,0,0.7806234014948351,0.8387750523947137,2,test
2328466898069313329,buy-sell & bill-committee & lobbies-on,0,0.7882702002102446,0.8425056696279972,3,train
2328466898069313329,buy-sell & bill-committee & lobbies-on,0,0.7682824178399384,0.8464994988331725,3,test
2328466898069313329,buy-sell & bill-committee & lobbies-on,0,0.7900280127102446,0.8562296542429074,4,train
2328466898069313329,buy-sell & bill-committee & lobbies-on,0,0.784208204521752,0.8665037218818695,4,test
2328466898069313329,buy-sell & bill-committee & lobbies-on,1,0.552880859375,0.5734091380949408,0,train
2328466898069313329,buy-sell & bill-committee & lobbies-on,1,0.6285546370617302,0.6735413190915834,0,test
2328466898069313329,buy-sell & bill-committee & lobbies-on,1,0.7379522947725535,0.7869899288999277,1,train
2328466898069313329,buy-sell & bill-committee & lobbies-on,1,0.7817916294199444,0.8341004229269826,1,test
2328466898069313329,buy-sell & bill-committee & lobbies-on,1,0.7964819858562692,0.8381224791156777,2,train
2328466898069313329,buy-sell & bill-committee & lobbies-on,1,0.7933273466986989,0.8516377853805667,2,test
2328466898069313329,buy-sell & bill-committee & lobbies-on,1,0.8121114655007645,0.855940668052585,3,train
2328466898069313329,buy-sell & bill-committee & lobbies-on,1,0.8006874542175705,0.8795991982794553,3,test
2328466898069313329,buy-sell & bill-committee & lobbies-on,1,0.8173415251099007,0.8733276623696439,4,train
2328466898069313329,buy-sell & bill-committee & lobbies-on,1,0.8057750266934843,0.8810143221366431,4,test
2328466898069313329,buy-sell & bill-committee & lobbies-on,2,0.5523618178994648,0.5951698410628654,0,train
2328466898069313329,buy-sell & bill-committee & lobbies-on,2,0.6314595904102106,0.6835084825092961,0,test
2328466898069313329,buy-sell & bill-committee & lobbies-on,2,0.7322573227255351,0.782464032123172,1,train
2328466898069313329,buy-sell & bill-committee & lobbies-on,2,0.7899013272248708,0.8296609155379282,1,test
2328466898069313329,buy-sell & bill-committee & lobbies-on,2,0.7964730265672783,0.8367784907543554,2,train
2328466898069313329,buy-sell & bill-committee & lobbies-on,2,0.7730682336673124,0.8386612423301716,2,test
2328466898069313329,buy-sell & bill-committee & lobbies-on,2,0.8063430272840215,0.8595625512732008,3,train
2328466898069313329,buy-sell & bill-committee & lobbies-on,2,0.7954877535881009,0.8596066855910969,3,test
2328466898069313329,buy-sell & bill-committee & lobbies-on,2,0.82076651196961,0.8813881359862796,4,train
2328466898069313329,buy-sell & bill-committee & lobbies-on,2,0.8098420001800258,0.8899467654337976,4,test
2328466898069313329,buy-sell & bill-committee & lobbies-on,3,0.5415678905055428,0.5887737549529459,0,train
2328466898069313329,buy-sell & bill-committee & lobbies-on,3,0.6887463102465733,0.6965164971531016,0,test
2328466898069313329,buy-sell & bill-committee & lobbies-on,3,0.692565731316896,0.7950497770665814,1,train
2328466898069313329,buy-sell & bill-committee & lobbies-on,3,0.7439387749242651,0.8174698815021318,1,test
2328466898069313329,buy-sell & bill-committee & lobbies-on,3,0.789233025133792,0.8380220348684378,2,train
2328466898069313329,buy-sell & bill-committee & lobbies-on,3,0.7594854016127831,0.8443890723308703,2,test
2328466898069313329,buy-sell & bill-committee & lobbies-on,3,0.7972757788608563,0.8511776813962448,3,train
2328466898069313329,buy-sell & bill-committee & lobbies-on,3,0.7838402961424812,0.8510592203900795,3,test
2328466898069313329,buy-sell & bill-committee & lobbies-on,3,0.8059594950544724,0.8643721103075354,4,train
2328466898069313329,buy-sell & bill-committee & lobbies-on,3,0.8044471422452325,0.8754992913402253,4,test
2328466898069313329,buy-sell & bill-committee & lobbies-on,4,0.4903323298929664,0.4612307547402838,0,train
2328466898069313329,buy-sell & bill-committee & lobbies-on,4,0.4122231520969905,0.5285198507075437,0,test
2328466898069313329,buy-sell & bill-committee & lobbies-on,4,0.5427997180810398,0.6260707237660371,1,train
2328466898069313329,buy-sell & bill-committee & lobbies-on,4,0.435344248950884,0.7766387825909393,1,test
2328466898069313329,buy-sell & bill-committee & lobbies-on,4,0.7031142488532109,0.8133486230403791,2,train
2328466898069313329,buy-sell & bill-committee & lobbies-on,4,0.7944024578180869,0.8343935478842124,2,test
2328466898069313329,buy-sell & bill-committee & lobbies-on,4,0.8041071620556192,0.838568465467386,3,train
2328466898069313329,buy-sell & bill-committee & lobbies-on,4,0.7961089202795987,0.8439993369008458,3,test
2328466898069313329,buy-sell & bill-committee & lobbies-on,4,0.8157514006355122,0.8509983122045905,4,train
2328466898069313329,buy-sell & bill-committee & lobbies-on,4,0.7952880374391637,0.8641056596537467,4,test
2328466898069313329,buy-sell & MC-committee & lobbies-on,0,0.5166608431288227,0.5334684513740411,0,train
2328466898069313329,buy-sell & MC-committee & lobbies-on,0,0.5919145319638955,0.5363853703932083,0,test
2328466898069313329,buy-sell & MC-committee & lobbies-on,0,0.5291456869982798,0.5587747662881077,1,train
2328466898069313329,buy-sell & MC-committee & lobbies-on,0,0.5962554240539332,0.5886413896099096,1,test
2328466898069313329,buy-sell & MC-committee & lobbies-on,0,0.5515915430284786,0.6144190005697723,2,train
2328466898069313329,buy-sell & MC-committee & lobbies-on,0,0.6194933049016687,0.6127694892416554,2,test
2328466898069313329,buy-sell & MC-committee & lobbies-on,0,0.5922154977780963,0.654110073000711,3,train
2328466898069313329,buy-sell & MC-committee & lobbies-on,0,0.6215922159006257,0.6789721816730665,3,test
2328466898069313329,buy-sell & MC-committee & lobbies-on,0,0.6344616811209862,0.7064842926505605,4,train
2328466898069313329,buy-sell & MC-committee & lobbies-on,0,0.5851448431912992,0.7156600087168995,4,test
2328466898069313329,buy-sell & MC-committee & lobbies-on,1,0.5149968791810016,0.5387226245238038,0,train
2328466898069313329,buy-sell & MC-committee & lobbies-on,1,0.5887553503364621,0.5456855921947521,0,test
2328466898069313329,buy-sell & MC-committee & lobbies-on,1,0.5484495950401376,0.5971212926531378,1,train
2328466898069313329,buy-sell & MC-committee & lobbies-on,1,0.5964057688965038,0.6446485665970022,1,test
2328466898069313329,buy-sell & MC-committee & lobbies-on,1,0.6031651674789755,0.6728563790265337,2,train
2328466898069313329,buy-sell & MC-committee & lobbies-on,1,0.5857028650489173,0.701822754181605,2,test
2328466898069313329,buy-sell & MC-committee & lobbies-on,1,0.6411668876624618,0.7052730227418437,3,train
2328466898069313329,buy-sell & MC-committee & lobbies-on,1,0.6546868016239571,0.7170330484666199,3,test
2328466898069313329,buy-sell & MC-committee & lobbies-on,1,0.6667704450974771,0.736546506601781,4,train
2328466898069313329,buy-sell & MC-committee & lobbies-on,1,0.667075216651768,0.7472871303505825,4,test
2328466898069313329,buy-sell & MC-committee & lobbies-on,2,0.5029097530819955,0.5049221226835063,0,train
2328466898069313329,buy-sell & MC-committee & lobbies-on,2,0.5427656389675208,0.5166153545512864,0,test
2328466898069313329,buy-sell & MC-committee & lobbies-on,2,0.5282633463541667,0.5460242916426512,1,train
2328466898069313329,buy-sell & MC-committee & lobbies-on,2,0.6044329225330255,0.5826531870660533,1,test
2328466898069313329,buy-sell & MC-committee & lobbies-on,2,0.5517938736381881,0.5976826507707823,2,train
2328466898069313329,buy-sell & MC-committee & lobbies-on,2,0.5498040085232917,0.6621387216604706,2,test
2328466898069313329,buy-sell & MC-committee & lobbies-on,2,0.6143406859231652,0.6753760933475973,3,train
2328466898069313329,buy-sell & MC-committee & lobbies-on,2,0.6474140881071215,0.6960649163825379,3,test
2328466898069313329,buy-sell & MC-committee & lobbies-on,2,0.646110697988341,0.7090958608365213,4,train
2328466898069313329,buy-sell & MC-committee & lobbies-on,2,0.6611273806863329,0.7152388016934645,4,test
2328466898069313329,buy-sell & MC-committee & lobbies-on,3,0.5088635739201071,0.5148994661346594,0,train
2328466898069313329,buy-sell & MC-committee & lobbies-on,3,0.594775060836313,0.4969437789259624,0,test
2328466898069313329,buy-sell & MC-committee & lobbies-on,3,0.5082175345231269,0.5306211486490627,1,train
2328466898069313329,buy-sell & MC-committee & lobbies-on,3,0.6037030225715138,0.5519660048239365,1,test
2328466898069313329,buy-sell & MC-committee & lobbies-on,3,0.5363202109613915,0.5644476632825539,2,train
2328466898069313329,buy-sell & MC-committee & lobbies-on,3,0.5996425478620382,0.5787100891707345,2,test
2328466898069313329,buy-sell & MC-committee & lobbies-on,3,0.5812272284738149,0.6447455037744161,3,train
2328466898069313329,buy-sell & MC-committee & lobbies-on,3,0.648556611913985,0.6561911394290394,3,test
2328466898069313329,buy-sell & MC-committee & lobbies-on,3,0.6338092209002293,0.700261225488773,4,train
2328466898069313329,buy-sell & MC-committee & lobbies-on,3,0.6727168341217222,0.6958182669179027,4,test
2328466898069313329,buy-sell & MC-committee & lobbies-on,4,0.511962517321292,0.5326101364984964,0,train
2328466898069313329,buy-sell & MC-committee & lobbies-on,4,0.40471085679876834,0.5682972001626275,0,test
2328466898069313329,buy-sell & MC-committee & lobbies-on,4,0.5156789050554281,0.5584722463083988,1,train
2328466898069313329,buy-sell & MC-committee & lobbies-on,4,0.5229354452224871,0.5849010273279556,1,test
2328466898069313329,buy-sell & MC-committee & lobbies-on,4,0.5336476550554281,0.5742828814054709,2,train
2328466898069313329,buy-sell & MC-committee & lobbies-on,4,0.6001773875148987,0.5594511207729715,2,test
2328466898069313329,buy-sell & MC-committee & lobbies-on,4,0.5705576858753822,0.6392056842259437,3,train
2328466898069313329,buy-sell & MC-committee & lobbies-on,4,0.6116468560662495,0.6411338117259497,3,test
2328466898069313329,buy-sell & MC-committee & lobbies-on,4,0.6047716426557722,0.6747798398263725,4,train
2328466898069313329,buy-sell & MC-committee & lobbies-on,4,0.6248585788513111,0.6832541481206884,4,test
2328466898069313329,buy-sell & bill-committee & lobbies-on,0,0.5398947432865061,0.6103200850022865,0,train
2328466898069313329,buy-sell & bill-committee & lobbies-on,0,0.6571430483648689,0.650322602129895,0,test
2328466898069313329,buy-sell & bill-committee & lobbies-on,0,0.6649763474770642,0.7540827924674331,1,train
2328466898069313329,buy-sell & bill-committee & lobbies-on,0,0.7766165659453218,0.827704370489453,1,test
2328466898069313329,buy-sell & bill-committee & lobbies-on,0,0.7579810092937691,0.8203387255732286,2,train
2328466898069313329,buy-sell & bill-committee & lobbies-on,0,0.777741727347785,0.8386063500160836,2,test
2328466898069313329,buy-sell & bill-committee & lobbies-on,0,0.7861012310063074,0.8395661506174568,3,train
2328466898069313329,buy-sell & bill-committee & lobbies-on,0,0.7698953755090385,0.834764619927447,3,test
2328466898069313329,buy-sell & bill-committee & lobbies-on,0,0.7928452611334098,0.8574193138251143,4,train
2328466898069313329,buy-sell & bill-committee & lobbies-on,0,0.783398476298669,0.8537723645010673,4,test
2328466898069313329,buy-sell & bill-committee & lobbies-on,1,0.6204715273795871,0.6583231082456462,0,train
2328466898069313329,buy-sell & bill-committee & lobbies-on,1,0.7191849330800556,0.7540361403676981,0,test
2328466898069313329,buy-sell & bill-committee & lobbies-on,1,0.7503324642823012,0.8052296841981758,1,train
2328466898069313329,buy-sell & bill-committee & lobbies-on,1,0.777098348418256,0.8228185885868633,1,test
2328466898069313329,buy-sell & bill-committee & lobbies-on,1,0.7942082676318807,0.8458554881613705,2,train
2328466898069313329,buy-sell & bill-committee & lobbies-on,1,0.7839873430981824,0.8490746802614191,2,test
2328466898069313329,buy-sell & bill-committee & lobbies-on,1,0.8056192660550459,0.8661194078005602,3,train
2328466898069313329,buy-sell & bill-committee & lobbies-on,1,0.8054691961846941,0.8844491172035074,3,test
2328466898069313329,buy-sell & bill-committee & lobbies-on,1,0.8163839264382645,0.8863100125127051,4,train
2328466898069313329,buy-sell & bill-committee & lobbies-on,1,0.8113139246871275,0.8903654108159083,4,test
2328466898069313329,buy-sell & bill-committee & lobbies-on,2,0.48870689088780583,0.4638754084110433,0,train
2328466898069313329,buy-sell & bill-committee & lobbies-on,2,0.5489385072134486,0.5232243891674775,0,test
2328466898069313329,buy-sell & bill-committee & lobbies-on,2,0.5469048642966361,0.608339798421786,1,train
2328466898069313329,buy-sell & bill-committee & lobbies-on,2,0.6414129039717421,0.6803100903417706,1,test
2328466898069313329,buy-sell & bill-committee & lobbies-on,2,0.7203739457903288,0.8007867377672294,2,train
2328466898069313329,buy-sell & bill-committee & lobbies-on,2,0.7782508628823996,0.8331163867097657,2,test
2328466898069313329,buy-sell & bill-committee & lobbies-on,2,0.8023898903383028,0.845224095216554,3,train
2328466898069313329,buy-sell & bill-committee & lobbies-on,2,0.7978437057695172,0.8503972190821785,3,test
2328466898069313329,buy-sell & bill-committee & lobbies-on,2,0.8156700950879205,0.8615978528547685,4,train
2328466898069313329,buy-sell & bill-committee & lobbies-on,2,0.7963530609045987,0.8813645351005243,4,test
2328466898069313329,buy-sell & bill-committee & lobbies-on,3,0.5356197438837921,0.5603748485960439,0,train
2328466898069313329,buy-sell & bill-committee & lobbies-on,3,0.6632420051462554,0.6575908934382825,0,test
2328466898069313329,buy-sell & bill-committee & lobbies-on,3,0.6972422561878823,0.7621901201843995,1,train
2328466898069313329,buy-sell & bill-committee & lobbies-on,3,0.7702199263756456,0.8271587408874184,1,test
2328466898069313329,buy-sell & bill-committee & lobbies-on,3,0.7953997037461773,0.8330011436946932,2,train
2328466898069313329,buy-sell & bill-committee & lobbies-on,3,0.7894574704509337,0.8435420839244931,2,test
2328466898069313329,buy-sell & bill-committee & lobbies-on,3,0.7984033053803516,0.843454267162364,3,train
2328466898069313329,buy-sell & bill-committee & lobbies-on,3,0.7908450078528505,0.8635603960004729,3,test
2328466898069313329,buy-sell & bill-committee & lobbies-on,3,0.8144503625525612,0.871432643939975,4,train
2328466898069313329,buy-sell & bill-committee & lobbies-on,3,0.7933369493692889,0.8747694065372356,4,test
2328466898069313329,buy-sell & bill-committee & lobbies-on,4,0.5525573543816896,0.6129362663336073,0,train
2328466898069313329,buy-sell & bill-committee & lobbies-on,4,0.7097368751862336,0.7597579322138474,0,test
2328466898069313329,buy-sell & bill-committee & lobbies-on,4,0.7656615837633792,0.8104470553082301,1,train
2328466898069313329,buy-sell & bill-committee & lobbies-on,4,0.7967802342508442,0.8400507497741182,1,test
2328466898069313329,buy-sell & bill-committee & lobbies-on,4,0.8026471712538227,0.8425493655301649,2,train
2328466898069313329,buy-sell & bill-committee & lobbies-on,4,0.7986236560141041,0.846106103915542,2,test
2328466898069313329,buy-sell & bill-committee & lobbies-on,4,0.8095951745269495,0.8602628585047534,3,train
2328466898069313329,buy-sell & bill-committee & lobbies-on,4,0.8043865193248411,0.8639969728718523,3,test
2328466898069313329,buy-sell & bill-committee & lobbies-on,4,0.8181233723958334,0.8767755099514389,4,train
2328466898069313329,buy-sell & bill-committee & lobbies-on,4,0.8000981024346941,0.8847524887260335,4,test
2328466898069313329,buy-sell & MC-committee & bill-committee & lobbies-on,0,0.49784290185397556,0.49040034890187156,0,train
2328466898069313329,buy-sell & MC-committee & bill-committee & lobbies-on,0,0.5998085091689015,0.527658956248264,0,test
2328466898069313329,buy-sell & MC-committee & bill-committee & lobbies-on,0,0.5276619540806575,0.5541934095908073,1,train
2328466898069313329,buy-sell & MC-committee & bill-committee & lobbies-on,0,0.49312439086089593,0.5743576775866996,1,test
2328466898069313329,buy-sell & MC-committee & bill-committee & lobbies-on,0,0.5733838189267966,0.6299721636868912,2,train
2328466898069313329,buy-sell & MC-committee & bill-committee & lobbies-on,0,0.608862081595153,0.6428362053601979,2,test
2328466898069313329,buy-sell & MC-committee & bill-committee & lobbies-on,0,0.6204881767249618,0.6780101730995451,3,train
2328466898069313329,buy-sell & MC-committee & bill-committee & lobbies-on,0,0.6037268837529798,0.707208056142395,3,test
2328466898069313329,buy-sell & MC-committee & bill-committee & lobbies-on,0,0.6574079881020642,0.7253140589640428,4,train
2328466898069313329,buy-sell & MC-committee & bill-committee & lobbies-on,0,0.6538587410297477,0.7283664815819819,4,test
2328466898069313329,buy-sell & MC-committee & bill-committee & lobbies-on,1,0.503638964545107,0.5080114925344021,0,train
2328466898069313329,buy-sell & MC-committee & bill-committee & lobbies-on,1,0.5885097547613727,0.5009767172420052,0,test
2328466898069313329,buy-sell & MC-committee & bill-committee & lobbies-on,1,0.5248549341790902,0.5469337489611537,1,train
2328466898069313329,buy-sell & MC-committee & bill-committee & lobbies-on,1,0.558316145522944,0.6009573951474462,1,test
2328466898069313329,buy-sell & MC-committee & bill-committee & lobbies-on,1,0.5827566537652905,0.6269771866164994,2,train
2328466898069313329,buy-sell & MC-committee & bill-committee & lobbies-on,1,0.5967560238813568,0.6459412805937739,2,test
2328466898069313329,buy-sell & MC-committee & bill-committee & lobbies-on,1,0.6258094717603211,0.6808257075767926,3,train
2328466898069313329,buy-sell & MC-committee & bill-committee & lobbies-on,1,0.6329652697593862,0.678626726043073,3,test
2328466898069313329,buy-sell & MC-committee & bill-committee & lobbies-on,1,0.6593691018014144,0.7203904323738355,4,train
2328466898069313329,buy-sell & MC-committee & bill-committee & lobbies-on,1,0.648421398552344,0.7153637731952047,4,test
2328466898069313329,buy-sell & MC-committee & bill-committee & lobbies-on,2,0.4978914313360092,0.4650094695011296,0,train
2328466898069313329,buy-sell & MC-committee & bill-committee & lobbies-on,2,0.45062879062996625,0.49474589066988023,0,test
2328466898069313329,buy-sell & MC-committee & bill-committee & lobbies-on,2,0.49431473384938834,0.4903554723014252,1,train
2328466898069313329,buy-sell & MC-committee & bill-committee & lobbies-on,2,0.4297659703081545,0.5224668752330637,1,test
2328466898069313329,buy-sell & MC-committee & bill-committee & lobbies-on,2,0.5067960686639909,0.5285656228295824,2,train
2328466898069313329,buy-sell & MC-committee & bill-committee & lobbies-on,2,0.457730983996325,0.548191609307248,2,test
2328466898069313329,buy-sell & MC-committee & bill-committee & lobbies-on,2,0.5460470870365061,0.583921451575165,3,train
2328466898069313329,buy-sell & MC-committee & bill-committee & lobbies-on,2,0.49187885658770364,0.6495634414260585,3,test
2328466898069313329,buy-sell & MC-committee & bill-committee & lobbies-on,2,0.5974374940271406,0.6566779260928447,4,train
2328466898069313329,buy-sell & MC-committee & bill-committee & lobbies-on,2,0.6155286629047477,0.6779080026772811,4,test
2328466898069313329,buy-sell & MC-committee & bill-committee & lobbies-on,3,0.514224663130734,0.5250170788829425,0,train
2328466898069313329,buy-sell & MC-committee & bill-committee & lobbies-on,3,0.5957336789518772,0.5910467708132443,0,test
2328466898069313329,buy-sell & MC-committee & bill-committee & lobbies-on,3,0.5748157372897553,0.6024197358890853,1,train
2328466898069313329,buy-sell & MC-committee & bill-committee & lobbies-on,3,0.5519912834910111,0.6145871567354881,1,test
2328466898069313329,buy-sell & MC-committee & bill-committee & lobbies-on,3,0.6063030091265291,0.6560080457820331,2,train
2328466898069313329,buy-sell & MC-committee & bill-committee & lobbies-on,3,0.6278726534564959,0.6741215308514932,2,test
2328466898069313329,buy-sell & MC-committee & bill-committee & lobbies-on,3,0.6466140607081422,0.7031817168521869,3,train
2328466898069313329,buy-sell & MC-committee & bill-committee & lobbies-on,3,0.678875928840137,0.7149815397147723,3,test
2328466898069313329,buy-sell & MC-committee & bill-committee & lobbies-on,3,0.6742632478019878,0.7382136053096346,4,train
2328466898069313329,buy-sell & MC-committee & bill-committee & lobbies-on,3,0.6865727118096941,0.7241123272401644,4,test
2328466898069313329,buy-sell & MC-committee & bill-committee & lobbies-on,4,0.5275348068377294,0.5458672400755588,0,train
2328466898069313329,buy-sell & MC-committee & bill-committee & lobbies-on,4,0.46361111628426704,0.5706815393122285,0,test
2328466898069313329,buy-sell & MC-committee & bill-committee & lobbies-on,4,0.5521379849961774,0.5942733369354174,1,train
2328466898069313329,buy-sell & MC-committee & bill-committee & lobbies-on,4,0.5539614799053934,0.6755644668144855,1,test
2328466898069313329,buy-sell & MC-committee & bill-committee & lobbies-on,4,0.6030203256402905,0.6531575314883579,2,train
2328466898069313329,buy-sell & MC-committee & bill-committee & lobbies-on,4,0.6229652038016488,0.6407400508595587,2,test
2328466898069313329,buy-sell & MC-committee & bill-committee & lobbies-on,4,0.6289196889334863,0.6888654784032509,3,train
2328466898069313329,buy-sell & MC-committee & bill-committee & lobbies-on,4,0.6266721256394021,0.7130394496423399,3,test
2328466898069313329,buy-sell & MC-committee & bill-committee & lobbies-on,4,0.6526886826261468,0.7290204801307594,4,train
2328466898069313329,buy-sell & MC-committee & bill-committee & lobbies-on,4,0.6586905332799463,0.7267881445775726,4,test
2328466898069313329,buy-sell & MC-committee & ticker-naics,0,0.5152544587394877,0.5437920704660602,0,train
2328466898069313329,buy-sell & MC-committee & ticker-naics,0,0.6108119087082837,0.5416374670051449,0,test
2328466898069313329,buy-sell & MC-committee & ticker-naics,0,0.5369254855934633,0.580637764749346,1,train
2328466898069313329,buy-sell & MC-committee & ticker-naics,0,0.6094691837691201,0.606834898191225,1,test
2328466898069313329,buy-sell & MC-committee & ticker-naics,0,0.5641358915089831,0.6205886336688743,2,train
2328466898069313329,buy-sell & MC-committee & ticker-naics,0,0.6151723941261918,0.6124774621307074,2,test
2328466898069313329,buy-sell & MC-committee & ticker-naics,0,0.5741593947104358,0.6272187932085714,3,train
2328466898069313329,buy-sell & MC-committee & ticker-naics,0,0.6202858647136968,0.6037212231617753,3,test
2328466898069313329,buy-sell & MC-committee & ticker-naics,0,0.588908922854549,0.6428081985447224,4,train
2328466898069313329,buy-sell & MC-committee & ticker-naics,0,0.6302873856215236,0.6279752091671629,4,test
2328466898069313329,buy-sell & MC-committee & ticker-naics,1,0.5218157193711773,0.5353914755529473,0,train
2328466898069313329,buy-sell & MC-committee & ticker-naics,1,0.6085552811196365,0.6210913470317713,0,test
2328466898069313329,buy-sell & MC-committee & ticker-naics,1,0.5851072725535168,0.6120428383517303,1,train
2328466898069313329,buy-sell & MC-committee & ticker-naics,1,0.6089980709301748,0.6269426847391681,1,test
2328466898069313329,buy-sell & MC-committee & ticker-naics,1,0.6033521179759174,0.6279726081314841,2,train
2328466898069313329,buy-sell & MC-committee & ticker-naics,1,0.6394828641798272,0.6419601240273539,2,test
2328466898069313329,buy-sell & MC-committee & ticker-naics,1,0.6219295770021025,0.6485058333784772,3,train
2328466898069313329,buy-sell & MC-committee & ticker-naics,1,0.6692903296645311,0.652073666949301,3,test
2328466898069313329,buy-sell & MC-committee & ticker-naics,1,0.6336036798786315,0.6604400565822315,4,train
2328466898069313329,buy-sell & MC-committee & ticker-naics,1,0.6734887336424812,0.664817283613583,4,test
2328466898069313329,buy-sell & MC-committee & ticker-naics,2,0.5070553654195337,0.5262377590885137,0,train
2328466898069313329,buy-sell & MC-committee & ticker-naics,2,0.4172945261285757,0.5671967922395442,0,test
2328466898069313329,buy-sell & MC-committee & ticker-naics,2,0.5402428116637996,0.5739503581697156,1,train
2328466898069313329,buy-sell & MC-committee & ticker-naics,2,0.4330651181341875,0.625980971396347,1,test
2328466898069313329,buy-sell & MC-committee & ticker-naics,2,0.5552127383170872,0.6176541425262106,2,train
2328466898069313329,buy-sell & MC-committee & ticker-naics,2,0.5483625409713945,0.6317695488913033,2,test
2328466898069313329,buy-sell & MC-committee & ticker-naics,2,0.5687349185301989,0.62589852717525,3,train
2328466898069313329,buy-sell & MC-committee & ticker-naics,2,0.47743314213349225,0.6422312920589486,3,test
2328466898069313329,buy-sell & MC-committee & ticker-naics,2,0.5691164349197247,0.6364219615585777,4,train
2328466898069313329,buy-sell & MC-committee & ticker-naics,2,0.4341013335878526,0.6392896129469745,4,test
2328466898069313329,buy-sell & MC-committee & ticker-naics,3,0.4986472966838685,0.49671277903682853,0,train
2328466898069313329,buy-sell & MC-committee & ticker-naics,3,0.41558602673693884,0.5292588842295479,0,test
2328466898069313329,buy-sell & MC-committee & ticker-naics,3,0.526362259891055,0.5538786571559708,1,train
2328466898069313329,buy-sell & MC-committee & ticker-naics,3,0.603351118643226,0.5666789747433143,1,test
2328466898069313329,buy-sell & MC-committee & ticker-naics,3,0.5780614637089068,0.6188427696551485,2,train
2328466898069313329,buy-sell & MC-committee & ticker-naics,3,0.6141943766761025,0.6024416833203848,2,test
2328466898069313329,buy-sell & MC-committee & ticker-naics,3,0.584043954271789,0.6315974167722715,3,train
2328466898069313329,buy-sell & MC-committee & ticker-naics,3,0.47384028838274733,0.6510118666204596,3,test
2328466898069313329,buy-sell & MC-committee & ticker-naics,3,0.6032322874856652,0.6491264811117673,4,train
2328466898069313329,buy-sell & MC-committee & ticker-naics,3,0.6666785972573996,0.6585262584703415,4,test
2328466898069313329,buy-sell & MC-committee & ticker-naics,4,0.49540985760703365,0.49137782239037053,0,train
2328466898069313329,buy-sell & MC-committee & ticker-naics,4,0.5749201329397596,0.5380290292513823,0,test
2328466898069313329,buy-sell & MC-committee & ticker-naics,4,0.5402151871894113,0.585786916904872,1,train
2328466898069313329,buy-sell & MC-committee & ticker-naics,4,0.6301961117525824,0.6206439746719543,1,test
2328466898069313329,buy-sell & MC-committee & ticker-naics,4,0.5866121344610091,0.6385630493420588,2,train
2328466898069313329,buy-sell & MC-committee & ticker-naics,4,0.6628107579397596,0.6283923907542314,2,test
2328466898069313329,buy-sell & MC-committee & ticker-naics,4,0.6024498429137997,0.6501390350359102,3,train
2328466898069313329,buy-sell & MC-committee & ticker-naics,4,0.5202913159266984,0.6487411545610208,3,test
2328466898069313329,buy-sell & MC-committee & ticker-naics,4,0.6237512990969036,0.6604461403713734,4,train
2328466898069313329,buy-sell & MC-committee & ticker-naics,4,0.6741397753091478,0.6502225151438746,4,test
2328466898069313329,buy-sell & MC-committee & bill-committee & ticker-naics,0,0.5065612606316896,0.5071881151711836,0,train
2328466898069313329,buy-sell & MC-committee & bill-committee & ticker-naics,0,0.6120210692292412,0.5342171239867337,0,test
2328466898069313329,buy-sell & MC-committee & bill-committee & ticker-naics,0,0.5457931658543578,0.5877614557668297,1,train
2328466898069313329,buy-sell & MC-committee & bill-committee & ticker-naics,0,0.49820284564958284,0.6231854888142272,1,test
2328466898069313329,buy-sell & MC-committee & bill-committee & ticker-naics,0,0.5707220141676224,0.62882335947678,2,train
2328466898069313329,buy-sell & MC-committee & bill-committee & ticker-naics,0,0.5682254225951033,0.6230830231612631,2,test
2328466898069313329,buy-sell & MC-committee & bill-committee & ticker-naics,0,0.6059750244887232,0.6446098637852474,3,train
2328466898069313329,buy-sell & MC-committee & bill-committee & ticker-naics,0,0.6490059005015892,0.6317710126863456,3,test
2328466898069313329,buy-sell & MC-committee & bill-committee & ticker-naics,0,0.6273874265338303,0.6607504504843804,4,train
2328466898069313329,buy-sell & MC-committee & bill-committee & ticker-naics,0,0.6529363996697457,0.6411471688557111,4,test
2328466898069313329,buy-sell & MC-committee & bill-committee & ticker-naics,1,0.5257534762041285,0.5381165602732457,0,train
2328466898069313329,buy-sell & MC-committee & bill-committee & ticker-naics,1,0.5578820854129419,0.5759614480299697,0,test
2328466898069313329,buy-sell & MC-committee & bill-committee & ticker-naics,1,0.5698484834910168,0.6066428422733169,1,train
2328466898069313329,buy-sell & MC-committee & bill-committee & ticker-naics,1,0.5669173254680672,0.5893983546211826,1,test
2328466898069313329,buy-sell & MC-committee & bill-committee & ticker-naics,1,0.5948335513426988,0.6326153428458887,2,train
2328466898069313329,buy-sell & MC-committee & bill-committee & ticker-naics,1,0.5926325013346743,0.6076842652645462,2,test
2328466898069313329,buy-sell & MC-committee & bill-committee & ticker-naics,1,0.6162658878058104,0.6586464829620263,3,train
2328466898069313329,buy-sell & MC-committee & bill-committee & ticker-naics,1,0.6575907850057111,0.6080055682763411,3,test
2328466898069313329,buy-sell & MC-committee & bill-committee & ticker-naics,1,0.6284538805667049,0.6661312635696951,4,train
2328466898069313329,buy-sell & MC-committee & bill-committee & ticker-naics,1,0.6486257705415673,0.6262905640478033,4,test
2328466898069313329,buy-sell & MC-committee & bill-committee & ticker-naics,2,0.5154993459719036,0.5240740675476057,0,train
2328466898069313329,buy-sell & MC-committee & bill-committee & ticker-naics,2,0.48065808750496625,0.5379265635984181,0,test
2328466898069313329,buy-sell & MC-committee & bill-committee & ticker-naics,2,0.5491639490156728,0.5908508119360559,1,train
2328466898069313329,buy-sell & MC-committee & bill-committee & ticker-naics,2,0.5663825828118793,0.5981362961520853,1,test
2328466898069313329,buy-sell & MC-committee & bill-committee & ticker-naics,2,0.5846569189602446,0.6181246622847663,2,train
2328466898069313329,buy-sell & MC-committee & bill-committee & ticker-naics,2,0.5515161937884883,0.6239748402908122,2,test
2328466898069313329,buy-sell & MC-committee & bill-committee & ticker-naics,2,0.6010902708094419,0.641872208769224,3,train
2328466898069313329,buy-sell & MC-committee & bill-committee & ticker-naics,2,0.6121076872578963,0.6531967636955408,3,test
2328466898069313329,buy-sell & MC-committee & bill-committee & ticker-naics,2,0.6335008720374617,0.6622611243200799,4,train
2328466898069313329,buy-sell & MC-committee & bill-committee & ticker-naics,2,0.6337558896379618,0.6535471596338025,4,test
2328466898069313329,buy-sell & MC-committee & bill-committee & ticker-naics,3,0.5088959766819572,0.5377240784707846,0,train
2328466898069313329,buy-sell & MC-committee & bill-committee & ticker-naics,3,0.5936275901991458,0.5294206335817272,0,test
2328466898069313329,buy-sell & MC-committee & bill-committee & ticker-naics,3,0.52867995329224,0.5740225533566385,1,train
2328466898069313329,buy-sell & MC-committee & bill-committee & ticker-naics,3,0.6211486501167064,0.6034334044615741,1,test
2328466898069313329,buy-sell & MC-committee & bill-committee & ticker-naics,3,0.5605887596760322,0.6215308433033419,2,train
2328466898069313329,buy-sell & MC-committee & bill-committee & ticker-naics,3,0.6454731846878725,0.6317913228425582,2,test
2328466898069313329,buy-sell & MC-committee & bill-committee & ticker-naics,3,0.5895292789564219,0.644881314314927,3,train
2328466898069313329,buy-sell & MC-committee & bill-committee & ticker-naics,3,0.6497171771019566,0.647003995794517,3,test
2328466898069313329,buy-sell & MC-committee & bill-committee & ticker-naics,3,0.6038606322868884,0.6534546725202691,4,train
2328466898069313329,buy-sell & MC-committee & bill-committee & ticker-naics,3,0.6687262940132102,0.6402434583914429,4,test
2328466898069313329,buy-sell & MC-committee & bill-committee & ticker-naics,4,0.511566068783448,0.5328330010814583,0,train
2328466898069313329,buy-sell & MC-committee & bill-committee & ticker-naics,4,0.5926257115675905,0.5266500355153272,0,test
2328466898069313329,buy-sell & MC-committee & bill-committee & ticker-naics,4,0.5343401334336774,0.5757447399460662,1,train
2328466898069313329,buy-sell & MC-committee & bill-committee & ticker-naics,4,0.5906840321749603,0.5908253718130895,1,test
2328466898069313329,buy-sell & MC-committee & bill-committee & ticker-naics,4,0.5768019369982798,0.6056378724000672,2,train
2328466898069313329,buy-sell & MC-committee & bill-committee & ticker-naics,4,0.6376637885813965,0.6243649416695973,2,test
2328466898069313329,buy-sell & MC-committee & bill-committee & ticker-naics,4,0.5747489159260322,0.6196739308317819,3,train
2328466898069313329,buy-sell & MC-committee & bill-committee & ticker-naics,4,0.6355474181813667,0.6383412567339146,3,test
2328466898069313329,buy-sell & MC-committee & bill-committee & ticker-naics,4,0.592480842053708,0.6440865664797596,4,train
2328466898069313329,buy-sell & MC-committee & bill-committee & ticker-naics,4,0.5311760885354588,0.6713068359594426,4,test
2328466898069313329,buy-sell & MC-committee & bill-committee & lobbies-on & ticker-naics,0,0.4984513122371942,0.49506297965455526,0,train
2328466898069313329,buy-sell & MC-committee & bill-committee & lobbies-on & ticker-naics,0,0.49699145420515495,0.5098883014598062,0,test
2328466898069313329,buy-sell & MC-committee & bill-committee & lobbies-on & ticker-naics,0,0.5060096670728211,0.5077959089700996,1,train
2328466898069313329,buy-sell & MC-committee & bill-committee & lobbies-on & ticker-naics,0,0.45355440426971594,0.4899656849847198,1,test
2328466898069313329,buy-sell & MC-committee & bill-committee & lobbies-on & ticker-naics,0,0.5028300900707187,0.5093778216018786,2,train
2328466898069313329,buy-sell & MC-committee & bill-committee & lobbies-on & ticker-naics,0,0.47457940302815854,0.503783361261323,2,test
2328466898069313329,buy-sell & MC-committee & bill-committee & lobbies-on & ticker-naics,0,0.505496075831422,0.507861870915072,3,train
2328466898069313329,buy-sell & MC-committee & bill-committee & lobbies-on & ticker-naics,0,0.5325962168193782,0.5065007137830575,3,test
2328466898069313329,buy-sell & MC-committee & bill-committee & lobbies-on & ticker-naics,0,0.5001586540758792,0.5019872675253383,4,train
2328466898069313329,buy-sell & MC-committee & bill-committee & lobbies-on & ticker-naics,0,0.5330122355482717,0.5094189721743542,4,test
2328466898069313329,buy-sell & MC-committee & bill-committee & lobbies-on & ticker-naics,1,0.4997651173069572,0.5052530189006388,0,train
2328466898069313329,buy-sell & MC-committee & bill-committee & lobbies-on & ticker-naics,1,0.48848591297924115,0.5033003088973488,0,test
2328466898069313329,buy-sell & MC-committee & bill-committee & lobbies-on & ticker-naics,1,0.5020125549503058,0.5041336866313062,1,train
2328466898069313329,buy-sell & MC-committee & bill-committee & lobbies-on & ticker-naics,1,0.558282681670888,0.48760659629959935,1,test
2328466898069313329,buy-sell & MC-committee & bill-committee & lobbies-on & ticker-naics,1,0.5010874337012614,0.5009288538203427,2,train
2328466898069313329,buy-sell & MC-committee & bill-committee & lobbies-on & ticker-naics,1,0.43779137800456897,0.5063354879176528,2,test
2328466898069313329,buy-sell & MC-committee & bill-committee & lobbies-on & ticker-naics,1,0.5057449947438838,0.5043330508865196,3,train
2328466898069313329,buy-sell & MC-committee & bill-committee & lobbies-on & ticker-naics,1,0.4253896744326083,0.49745409447260014,3,test
2328466898069313329,buy-sell & MC-committee & bill-committee & lobbies-on & ticker-naics,1,0.4999617737003058,0.5034015985627115,4,train
2328466898069313329,buy-sell & MC-committee & bill-committee & lobbies-on & ticker-naics,1,0.41968898598902465,0.4886544905755386,4,test
2328466898069313329,buy-sell & MC-committee & bill-committee & lobbies-on & ticker-naics,2,0.4940414008744266,0.5008855279570388,0,train
2328466898069313329,buy-sell & MC-committee & bill-committee & lobbies-on & ticker-naics,2,0.40973169556391537,0.5159121840078196,0,test
2328466898069313329,buy-sell & MC-committee & bill-committee & lobbies-on & ticker-naics,2,0.49972375525611623,0.5045718058649035,1,train
2328466898069313329,buy-sell & MC-committee & bill-committee & lobbies-on & ticker-naics,2,0.41716716949741756,0.4981567160929261,1,test
2328466898069313329,buy-sell & MC-committee & bill-committee & lobbies-on & ticker-naics,2,0.497639302011659,0.4988139219177327,2,train
2328466898069313329,buy-sell & MC-committee & bill-committee & lobbies-on & ticker-naics,2,0.5536824204782479,0.4979183004754041,2,test
2328466898069313329,buy-sell & MC-committee & bill-committee & lobbies-on & ticker-naics,2,0.5001571608610474,0.5039682709957982,3,train
2328466898069313329,buy-sell & MC-committee & bill-committee & lobbies-on & ticker-naics,2,0.5062102119648887,0.5109696800473391,3,test
2328466898069313329,buy-sell & MC-committee & bill-committee & lobbies-on & ticker-naics,2,0.506252538465214,0.5150954113290892,4,train
2328466898069313329,buy-sell & MC-committee & bill-committee & lobbies-on & ticker-naics,2,0.45414530799935443,0.4984869848493554,4,test
2328466898069313329,buy-sell & MC-committee & bill-committee & lobbies-on & ticker-naics,3,0.5012213004109327,0.4992674748103935,0,train
2328466898069313329,buy-sell & MC-committee & bill-committee & lobbies-on & ticker-naics,3,0.5785226863577672,0.5124556149897004,0,test
2328466898069313329,buy-sell & MC-committee & bill-committee & lobbies-on & ticker-naics,3,0.49959362158352444,0.4988036205284338,1,train
2328466898069313329,buy-sell & MC-committee & bill-committee & lobbies-on & ticker-naics,3,0.565199029412495,0.49569077036971443,1,test
2328466898069313329,buy-sell & MC-committee & bill-committee & lobbies-on & ticker-naics,3,0.5022307136372325,0.49884358379572813,2,train
2328466898069313329,buy-sell & MC-committee & bill-committee & lobbies-on & ticker-naics,3,0.5287829866284267,0.4745661951904819,2,test
2328466898069313329,buy-sell & MC-committee & bill-committee & lobbies-on & ticker-naics,3,0.4996260990061162,0.5040200085350619,3,train
2328466898069313329,buy-sell & MC-committee & bill-committee & lobbies-on & ticker-naics,3,0.5344073386906536,0.5049501888844528,3,test
2328466898069313329,buy-sell & MC-committee & bill-committee & lobbies-on & ticker-naics,3,0.5053993155103211,0.5107057826046599,4,train
2328466898069313329,buy-sell & MC-committee & bill-committee & lobbies-on & ticker-naics,3,0.42163454524855976,0.4936356021302609,4,test
2328466898069313329,buy-sell & MC-committee & bill-committee & lobbies-on & ticker-naics,4,0.5015736991112385,0.5022739252047784,0,train
2328466898069313329,buy-sell & MC-committee & bill-committee & lobbies-on & ticker-naics,4,0.4988899700784664,0.517044978396215,0,test
2328466898069313329,buy-sell & MC-committee & bill-committee & lobbies-on & ticker-naics,4,0.49855830107989296,0.49842084932739167,1,train
2328466898069313329,buy-sell & MC-committee & bill-committee & lobbies-on & ticker-naics,4,0.5392092559656834,0.5048014307132744,1,test
2328466898069313329,buy-sell & MC-committee & bill-committee & lobbies-on & ticker-naics,4,0.4996280401853975,0.4998597491611923,2,train
2328466898069313329,buy-sell & MC-committee & bill-committee & lobbies-on & ticker-naics,4,0.48005321625446956,0.467114929501801,2,test
2328466898069313329,buy-sell & MC-committee & bill-committee & lobbies-on & ticker-naics,4,0.5041041756259557,0.5055903810313762,3,train
2328466898069313329,buy-sell & MC-committee & bill-committee & lobbies-on & ticker-naics,4,0.4798484562785558,0.47671449738950455,3,test
2328466898069313329,buy-sell & MC-committee & bill-committee & lobbies-on & ticker-naics,4,0.5066814644256499,0.5131168910231036,4,train
2328466898069313329,buy-sell & MC-committee & bill-committee & lobbies-on & ticker-naics,4,0.45862180143772346,0.4839156371003245,4,test
